Business Name,Street Address,City,State,ZIP Code,Phone Number
West Marine,2401 S Andrews Ave,Fort Lauderdale,FL,33316,(954) 764-0975
National Marine Suppliers,2800 SW 2nd Avenue,Fort Lauderdale,FL,33315,(954) 764-0975
Sigma Marine Supplies,2500 US-19,Tarpon Springs,FL,34689,(727) 934-0794
Blue Ocean Marine Equipment,3141 Poinciana St,Lauderdale Lakes,FL,33311,(754) 225-2883
Marine Supply Winter Haven,1500 Cypress Gardens Blvd,Winter Haven,FL,33880,(863) 293-1156
Accmar Equipment Company,11920 NW 35th St,Miami,FL,33186,(305) 300-9596
Specialty Marine,1420 Mayport Rd,Jacksonville,FL,32210,(904) 389-3933
Hodges Marine,1900 SE 15th St,Fort Lauderdale,FL,33316,(954) 728-1900
MarineMax Clearwater,2 Marina Park Drive,Clearwater,FL,33759,(727) 530-8477
MarineMax Miami,700 NE 79th Street,Miami,FL,33138,(305) 758-5786
MarineMax Key Largo,2 Fishing Village Drive,Key Largo,FL,33037,(305) 367-3969
MarineMax Houston,3001 E NASA Parkway,Seabrook,TX,77586,(281) 326-4224
MarineMax Dallas,1490 N Stemmons Fwy,Lewisville,TX,75067,(972) 621-3200
MarineMax Lake Ozark,4543 Osage Beach Parkway,Osage Beach,MO,65065,(573) 365-5444
Fun-N-Sun Boats-N-Tackle,700 E Airport Freeway,Hurst,TX,76053,(817) 280-0303
Mount Houston Marine,8130 Westview,Houston,TX,77055,(281) 447-7689
LMC Marine Center,3101 Gulf Freeway,Houston,TX,77008,(281) 443-2600
Eagle's Boatyard,2614 Bay Area Blvd,Houston,TX,77008,(713) 928-8888
Dockside Marine,4000 FM 2351 Rd,Houston,TX,77015,(281) 449-3322
HTX Watersports,24150 New Road,Montgomery,TX,77356,(713) 360-7530
Texas Boat World,303 W Central Texas Expy,Harker Heights,TX,76548,(254) 699-9151
Red Wing Boat Company,3105 Dallas St,Houston,TX,77008,(713) 921-0656
California Marine Supply,1920 Fleet St,San Diego,CA,92110,(619) 275-0508
Englund Marine Supply,2 Commercial Street,Eureka,CA,95501,(707) 444-9266
Port Marine of California,15719 Texaco Ave,Paramount,CA,90723,(310) 631-5657
Pacific Marine Supply,3600 Insurance St,San Diego,CA,92110,(619) 275-0508
Loch Lomond Marine Supply,100 Loch Lomond Dr,San Rafael,CA,94901,(415) 457-6777
Bridge Marine Supply,673 City Island Ave,Bronx,NY,10464,(718) 885-2302
CMI Marine Electronics,296 N Main St,Sayville,NY,11782,(631) 225-3672
Post Marine Supply Westchester,2 Pelham Rd,New Rochelle,NY,10801,(914) 235-9800
American Marine,6090 Merrick Road,Commack,NY,11725,(631) 543-6433
CR's Marine Service,2020 Hammer St,Schenectady,NY,12304,(518) 370-3596
Adirondack Marine,3226 Lake Shore Dr,Lake George,NY,12845,(518) 668-2658
Morgan Marine,4100 Lake Rd,Penn Yan,NY,14527,(315) 536-2121
C.G. Edwards Marine,181 Old Colony Ave,Boston,MA,02127,(617) 268-4111
Bayside Marine Corp,441 Washington Street,Duxbury,MA,02331,(781) 934-0561
Nauset Marine,139 Route 6A,Orleans,MA,02653,(508) 255-0777
Boat Works of South Windsor,620 Sullivan Ave,South Windsor,CT,06074,(860) 282-0100
Bassett Yacht & Boat Sales,115 Water Street,Westbrook,CT,06498,(860) 399-6000
Crocker's Boat Yard,52 Harbor Loop,Manchester,MA,01944,(978) 526-9344
M&M Marine,25 Obery St,Plymouth,MA,02360,(508) 746-4556
3A Marine Service,4 Ship Rd,Hingham,MA,02043,(781) 740-1900
Lakeview Marine,311 Thompson Rd,Webster,MA,01570,(508) 461-6020
Hamilton Marine,20 Park Drive,Rockland,ME,04841,(207) 594-8800
Chase Leavitt & Co,225 Commercial Street,Portland,ME,04104,(207) 761-4096
Clark Marine,57 Puddledock Rd,Manchester,ME,04351,(207) 622-7011
York Harbor Marine,1 Wiley Lane,York,ME,03911,(207) 363-2090
Saba Marine,151 Lakeside Drive,Colchester,VT,05446,(802) 863-1148
Vermont Home & Marine,323 Industrial Ave,Williston,VT,05495,(802) 864-9300
Al's Sport Center,77 Spring St,Lewiston,ME,04240,(207) 784-0086
Foothills Marine,3155 W NC-68,Asheboro,NC,27203,(336) 629-5900
Chatlee Boats,1201 NC-87,Sanford,NC,27330,(919) 775-4357
Get Wet Marine,3500 W Market St,Greensboro,NC,27405,(336) 992-2628
Boats Unlimited,501 Middle St,New Bern,NC,28560,(252) 638-5070
Collins Inc,7016 Market St,Wilmington,NC,28405,(910) 763-5555
J & J Marine,1318 Badin Rd,Albemarle,NC,28001,(704) 986-9144
NC Marine Sales,2004 Chapel Hill Rd,Durham,NC,27703,(919) 596-9900
Starling Marine,500 Arendell St,Morehead City,NC,28557,(252) 726-0009
Brown's Marine,305 S Main St,Burlington,NC,27217,(336) 226-3344
Marine Warehouse Center,1450 Industrial Ave,Wilmington,NC,28401,(910) 763-1123
Marine Service Center,2 Marina Dr,Murrells Inlet,SC,29576,(843) 651-7600
Marine 360,2310 Amicks Ferry Rd,Chapin,SC,29036,(803) 345-7070
Captains Choice North Shore,7615 Clemmons Rd,Irmo,SC,29063,(803) 781-0002
Eastard Marine Supply,530 Sensation Lane,Beaufort,NC,28516,(252) 728-2555
Southport Auto & Marine,721 N Howe St,Southport,NC,28461,(910) 457-7345
Bluewater Supply,101 Coggins Point Rd,Morehead City,NC,28557,(252) 726-9600
Pickensville Marine,4865 State Road 41,Pickensville,AL,35446,(205) 373-6372
Skier's Marine,2460 Chandalar Rd,Birmingham,AL,35203,(205) 251-8500
Rambo Marine,3200 Crestwood Parkway,Birmingham,AL,35203,(205) 251-8500
Nelems Marine,1300 Pickwick St,Jasper,AL,35501,(205) 387-0555
Mastry Engine Center,5400 118th Ave N,Clearwater,FL,33760,(727) 522-9471
Bayou Marine,5641 Canal Boulevard,New Orleans,LA,70124,(504) 861-3666
Fox Valley Marine,511 W Jefferson Ave,Naperville,IL,60565,(630) 692-1102
Munson Marine,101 N Lake St,Fox Lake,IL,60020,(847) 587-4902
Compass Marine Services,2516 N Sheridan Rd,Waukegan,IL,60085,(847) 623-1210
Lakeview Marina,20901 N Hague Rd,Noblesville,IN,46062,(317) 773-6885
Reeder-Trausch Marine,210 E Main St,Rockville,IN,47872,(765) 569-5110
Windward Boats,121 Kailua Rd,Kailua,HI,96734,(808) 263-6030
Paradise Boats,46-026 Alaloa Street,Kaneohe,HI,96744,(808) 235-8005
The Boatworks LLC,24 Sand Island Access Rd,Honolulu,HI,96819,(808) 216-2972
Maui Marine Center,161 Alamaha St,Wailuku,HI,96793,(808) 244-2000
Marysville Marine Distributors,1551 Michigan Ave,Marysville,MI,48040,(877) 860-0967
Marine Hardware Inc,1170 Greenwood Ave,Jenkintown,PA,19046,(215) 885-6900
Miller Marine,3820 Division St,St Cloud,MN,56303,(320) 407-1900
Westre's Marine,204 10th Ave SE,St Cloud,MN,56304,(320) 345-5512
Erickson Marine,109 Water St,Hastings,MN,55033,(651) 437-3511
Nisswa Marine,PO Box 127,Nisswa,MN,56468,(800) 346-2292
Midwest Marine Parts,320 Birch Ave,Melrose,MN,56352,(320) 256-7701
Dan's Southside Marine,8130 W 90th St,Bloomington,MN,55420,(952) 881-1600
Clear Lake Boats,1604 S Shore Drive,Clear Lake,IA,50428,(641) 357-2271
Island Lake Marine,4810 S Mason Street,Fort Collins,CO,80525,(970) 224-8033
Taylor's Boats,1180 E 12200 S,Draper,UT,84020,(801) 619-2800
Action Watersports,8500 Tejon Street,Denver,CO,80221,(720) 488-8845
Precision Boats,2199 N Woodruff Ave,Idaho Falls,ID,83402,(208) 552-3588
Idaho Water Sports,2175 N Samantha Ct,Nampa,ID,83687,(208) 465-5787
Prestige Water Sports,7870 W Emerald St,Boise,ID,83704,(208) 343-8500
The Boat Shack,692 S 5725 W,Hurricane,UT,84737,(435) 635-8000
Montana Wake Co,1870 S State St,Sandy,UT,84070,(406) 200-7969
Lifestyle Wake,21550 Mt Washington Drive,Bend,OR,97701,(541) 640-8097
Power Sports Marine,4450 Marion St SE,Albany,OR,97322,(503) 333-6747
Northwest Boat Sports,1014 Abernethy Lane,Oregon City,OR,97045,(503) 305-5168
Stevens Marine,13330 SW 76th Ave,Tigard,OR,97223,(503) 620-1200
Cascade Marine Center,10403 NE Sandy Blvd,Portland,OR,97220,(503) 235-6403
Clemens Marina,1650 N Pacific Drive,Longview,WA,98632,(360) 423-1175
Water World Medford,2330 E Barnett Rd,Medford,OR,97504,(541) 772-1888
Philadelphia Boat Supply,8900 State Rd,Philadelphia,PA,19136,(215) 332-5117
Highway Marine,4065 Route 309,Quakertown,PA,18951,(215) 536-4721
Bob Warren Boat Sales,139 Oneida Valley Rd,Butler,PA,16001,(724) 285-5444
Boyer Marine Sales,8495 Peach St,Erie,PA,16509,(814) 868-7561
Clews & Strawbridge,310 Lancaster Pike,Frazer,PA,19355,(610) 644-3529
Marine Equipment Supply,1401 Metropolitan Ave,Paulsboro,NJ,08066,(856) 423-3100
New Jersey Outboards,105 Atlantic City Blvd,Bayville,NJ,08721,(732) 505-3002
Coty Marine,1241 Route 530,Toms River,NJ,08753,(732) 288-1000
Cecil Marine,2378 S Black Horse Pike,Williamstown,NJ,08094,(856) 629-4606
NuWave Marine,150 Cooper St,Woodbury Heights,NJ,08107,(856) 845-4100
Lake Hopatcong Marine,271 Lakeside Blvd W,Lake Hopatcong,NJ,07849,(973) 663-7100
Mare of Aquia,115 King Street,Fredericksburg,VA,22406,(540) 657-1136
Southeastern Marine,1514 W Main St,Richmond,VA,23220,(804) 226-1111
Offshore Boat Brokerage,2100 Marina Shores Dr,Virginia Beach,VA,23451,(757) 481-1270
EDS Marine Superstore,12080 Washington Hwy,Ashland,VA,23005,(804) 798-6654
Deltaville Yachting Center,Broad Creek Rd,Deltaville,VA,23314,(804) 776-9898
Jett's Marine Inc,18477 Northumberland Hwy,Reedville,VA,22539,(804) 453-3611
Tri-State Marine,6505 Deale Forest Rd,Deale,MD,20751,(410) 867-7100
Marine Sales Kentuckiana,5888 Hwy 641 North,Gilbertsville,KY,42044,(270) 362-8343
Marine Sales and Service,2929 River Rd,Louisville,KY,40206,(502) 897-1881
Marine Parts Warehouse,120 Cartertown Rd,Scottsville,KY,42164,(270) 618-5200
Sea Ray of Louisville,7301 Watterson Trail,Louisville,KY,40223,(502) 426-7529
Arrowhead Boat Sales,32894 S 4507 Rd,Afton,OK,74331,(918) 257-4000
Elite Watersports,1717 NW 23rd Street,Oklahoma City,OK,73106,(405) 631-7550
West Performance Marine,135 Marina Dr,Lake City,AR,72437,(870) 237-7900
Waypoint Marine,1410 S Promenade Blvd,Rogers,AR,72758,(479) 246-2525
Lewis Marine Supply,4200 Marine Park Rd,Oceanside,CA,92054,(760) 722-8555
T-H Marine Supplies,112 East Houston Street,Pell City,AL,35125,(256) 772-0164
Noel's Distributing,5501 W Blue Heron Blvd,West Palm Beach,FL,33405,(561) 585-2387
Fisheries Supply,1900 N Northlake Way,Seattle,WA,98103,(206) 633-4440
Wholesale Marine,147 Circle Freeway Drive,West Chester,OH,45246,(866) 388-2628
Defender Marine,255 Main Street,New Rochelle,NY,10801,(800) 628-8225
Anchor Marine & Industrial,4110 Bellaire Boulevard,Houston,TX,77025,(713) 923-3333
Anchor Express,140 Eastern Ave,Chelsea,MA,02150,(781) 344-4303
Boat Owners Warehouse,311 SW 24th St,Fort Lauderdale,FL,33315,(954) 522-7998
McDurmon Distributing,4025 Hollywood Blvd,Hollywood,FL,33020,(954) 966-0028
Marine City Hardware,270 Mercer Street,New York,NY,10012,(212) 343-0300
Sea-Dog Line,3402 Smith Ave,Everett,WA,98201,(425) 259-0194
Bainbridge International,255 Revere St,Canton,MA,02021,(781) 821-2600
CWR Wholesale Distribution,5001 W Des Moines St,Las Vegas,NV,89118,(702) 220-5340
Boat Outfitters,450 Maguire Rd,Ocoee,FL,34761,(407) 614-1939
Englund Marine Group,95 Hamburg Ave,Astoria,OR,97103,(503) 325-4341
Land 'N' Sea Distributing,2619 San Fernando Road,Los Angeles,CA,90065,(323) 225-8505
Xanigo Marine,100 Douglas Park Dr,St. Augustine,FL,32084,(800) 514-7837
Outboard Direct,117 Tennessee Ave,Cookeville,TN,38501,(865) 216-2222
OnlineOutboards,202 Dragon Drive,Dickson,TN,37055,(615) 375-1837
Vero Marine Center,1625 US-1,Ft Pierce,FL,34949,(772) 461-1898
Pro-Drive Outboards,2702 Lake Dauterive Rd,Loreauville,LA,70552,(337) 229-0034
Nicklow's Wholesale Tackle,11517 National Pike,Grantsville,MD,21536,(814) 395-3931
SC Tackle Wholesale,76 Quirk Rd,Milford,CT,06460,(203) 874-4159
FishUSA Wholesale,6960 West Ridge Rd,Fairview,PA,16415,(814) 459-7800
Hagen's Fishing Components,3150 W Havens Ave,Mitchell,SD,57301,(605) 996-1891
Pacific Tackle Distribution,3508 Seagate Way Ste 140,Oceanside,CA,92056,(760) 659-2829
Alltackle,2062 Somerville Rd,Annapolis,MD,21401,(410) 571-1111
Ivancic Marine,5300 Whiskey Island Dr,Cleveland,OH,44102,(216) 631-2628
Parma Marine,2327 Brookpark Rd,Parma,OH,44134,(216) 661-2104
Sea Ray of Cincinnati,4811 Kellogg Ave,Cincinnati,OH,45226,(513) 871-5555
Walstrom Marine,291 N US Hwy 31 S,Traverse City,MI,49685,(231) 526-2141
Boatcraft Sales,2816 S M 37,Traverse City,MI,49685,(231) 252-4162
Action Water Sports,611 Olesons Commerce Dr,Traverse City,MI,49685,(231) 943-3434
S & R Marine Inc,501 Hickory St,Pewaukee,WI,53072,(262) 691-2230
The Boat House,W73 E Wisconsin Ave,Nashotah,WI,53058,(262) 367-2008
Marine 365,780 Longtail Beach Rd,Green Bay,WI,54173,(866) 813-8333
Gordy's Marine,320 Lake St,Fontana,WI,53125,(262) 275-1563
Lanier Marine Liquidators,106 Henry Grady Hwy,Dawsonville,GA,30534,(770) 888-2628
T & S Marine,4631 Smithson Blvd,Oakwood,GA,30566,(770) 718-1144
DeKalb Marine,3970 Glenwood Rd,Decatur,GA,30032,(404) 288-5555
Factory Direct Marine & RV,1501 Felder St,Americus,GA,31709,(229) 380-0652
Custom Marine,104 Rushing Ln,Statesboro,GA,30458,(912) 681-7777
Atlanta Marine,6450 Holiday Rd,Buford,GA,30518,(678) 482-6499
Ellis Marine,3687 Community Rd,Brunswick,GA,31520,(912) 264-4024
Shoreline Marine,3517 Darien Hwy,Brunswick,GA,31525,(912) 261-0444
Nashville Boating Center,4010 Sells Dr,Hermitage,TN,37076,(615) 834-2461
Travis Marine,9312 Tedford Ln,Knoxville,TN,37922,(865) 690-6700
Clark Marine Sales,420 Old Peytonsville Rd,Franklin,TN,37064,(615) 599-8748
Germaine Marine,1590 Industrial Blvd,Lake Havasu City,AZ,86403,(928) 855-8588
Sun Country Marine Group,1609 Countryshire Ave,Lake Havasu City,AZ,86403,(928) 453-2300
USA RV & Marine,951 N Lake Havasu Ave,Lake Havasu City,AZ,86403,(928) 453-8721
Connolly Marine,1505 Countryshire Ave,Lake Havasu City,AZ,86403,(928) 733-6013
Shimmer Marine,1435 Countryshire Ave,Lake Havasu City,AZ,86403,(928) 453-9229
Marine Center of Las Vegas,4444 Boulder Hwy,Las Vegas,NV,89121,(702) 434-4405
Boulder Boats,615 W Lake Mead Pkwy,Henderson,NV,89015,(866) 517-3070
Don's Marine,2503 Main Rd,Tiverton,RI,02878,(401) 624-3464
Inland Marine Inc,612 Putnam Pike,Chepachet,RI,02814,(401) 568-0995
Irwin Marine,958 Union Ave,Laconia,NH,03246,(603) 524-6661
Brannan's Marine,64 Gravois Rd,Fenton,MO,63026,(636) 305-0405
Dri-Port Marine,300 Lake Bluff Dr,O'Fallon,MO,63366,(636) 978-9999
Smithville Marine,208 N US Hwy 169,Smithville,MO,64089,(816) 532-4000
Blue Springs Marine,3200 NW Jefferson St,Blue Springs,MO,64015,(816) 229-3366
Omaha Marine Center,9610 L St,Omaha,NE,68127,(402) 339-9600
Chicago Marine Group,3600 Recreation Dr,Chicago,IL,60613,(312) 446-6450
Marine Services Corp,14001 Cottage Grove Ave,Dolton,IL,60419,(708) 841-5660
Bay Marine,3 E Madison St,Waukegan,IL,60085,(847) 336-2628
Rentner Marine,13535 S Forest Ave,Chicago,IL,60827,(773) 468-3776
Ocean Marine Group,3855 25th Ave,Gulfport,MS,39501,(228) 822-2633
Ken's Marine Supply,1533 30th Ave,Gulfport,MS,39501,(228) 863-8564
Seven C's Marine,378 Reynoir St,Biloxi,MS,39530,(228) 435-3389
Scott's Marine,27232 US-98,Elberta,AL,36530,(251) 986-3192
Freedom Marine Center,19220 US Hwy 431,Guntersville,AL,35976,(256) 660-1703
Union Marine,3201 Fairview Ave E,Seattle,WA,98102,(206) 284-3800
Seattle Marine & Fishing Supply,2121 W Commodore Way,Seattle,WA,98199,(206) 285-5010
MER Equipment,2400 W Commodore Way,Seattle,WA,98199,(206) 286-1817
Tom-n-Jerry's Boat Center,11071 Josh Green Ln,Mount Vernon,WA,98273,(360) 466-9955
Kitsap Marina,1595 SW Bay St,Port Orchard,WA,98366,(360) 895-2193
Jim's Marine,96 E Cross St,Galena,MD,21635,(410) 648-5106
Rudy Marine,32606 DuPont Blvd,Dagsboro,DE,19939,(302) 945-2254
Taylor Marine Center,22699 Argos Corner Rd,Milford,DE,19963,(302) 422-9177
Norfolk Marine Company,5221 E Virginia Beach Blvd,Norfolk,VA,23502,(757) 895-7432
Robertson's Marine,2033 S Main St,Salt Lake City,UT,84115,(801) 534-1111
Marine Products,949 W 1700 S,Salt Lake City,UT,84104,(801) 973-4017
Hanckel Marine,2445 Savannah Hwy,Charleston,SC,29414,(843) 556-2550
Doss Marine,1720 Chapin Rd,Chapin,SC,29036,(803) 345-1001
Mid-Carolina Marine,718 Sunset Blvd,West Columbia,SC,29169,(803) 791-1770
Big River Marine,1418 North Missouri St,West Memphis,AR,72301,(870) 635-0202
South Austin Marine,5340 Hwy 290 W,Austin,TX,78735,(512) 892-2432
Premier Boating Centers,10811 N I-35,San Antonio,TX,78233,(210) 267-5622
Ron Hoover Marine,8126 Broadway St,Galveston,TX,77554,(409) 247-8203
Family Boating and Marine,7806 Anderson Rd,Tampa,FL,33634,(813) 837-1015
Bay Way Marine,4850 37th St S,St. Petersburg,FL,33711,(727) 906-0315
Tampa Yacht Sales,360 Central Ave,St. Petersburg,FL,33701,(813) 437-3433
LA Boat Dealer,812 Little Farms Ave,Metairie,LA,70003,(504) 754-8750
Seabrook Harbor & Marine,5801 France Rd,New Orleans,LA,70126,(504) 283-9801
Marine Specialties of Louisiana,824 Havens Rd,Shreveport,LA,71107,(318) 221-0639
Hannay's Marine,2550 New Brighton Blvd,Minneapolis,MN,55418,(612) 781-7411
Supreme Marine,3456 Washington Ave N,Minneapolis,MN,55412,(612) 588-3456
Marker 17 Marine,7222 Market St,Wilmington,NC,28405,(910) 821-0190
Marine Warehouse,6921 Market St,Wilmington,NC,28411,(910) 799-1277
Atlantic Marine,101 Keel St,Wrightsville Beach,NC,28480,(910) 256-9911
Off The Hook Yachts,1701 Jel Wade Dr,Wilmington,NC,28401,(910) 239-9344
Angler's Marine,11643 Telegraph Rd,Taylor,MI,48180,(734) 287-6180
Grand Pointe Marina,33631 Van Dyke Ave,Sterling Heights,MI,48312,(586) 331-3155
Lakecrest Marine Sales,37557 Green St,New Baltimore,MI,48047,(586) 725-9800
Sun Sport Marine,30000 Metro Pkwy,Harrison Township,MI,48045,(586) 783-1100
Wonderland Marine West,5796 E Grand River Ave,Howell,MI,48843,(800) 226-3050
Club Royale,4825 Highland Rd,Waterford,MI,48328,(248) 681-9100
Gage Marine,1 Liechty Dr,Williams Bay,WI,53191,(262) 245-5501
Legendary Marine,3221 Barrancas Ave,Pensacola,FL,32507,(850) 972-1437
BGS Marine Sales,3910 W Navy Blvd,Pensacola,FL,32507,(850) 438-5934
Sara Bay Marine Group,7040 N Tamiami Trl,Sarasota,FL,34243,(941) 359-0390
Centerville Marina,100 N Centerville Tpke,Chesapeake,VA,23322,(757) 547-4498
Singleton Marine,5529 Lanier Islands Pkwy,Buford,GA,30518,(770) 831-8898
Pamp's Outboard,412 S Taylor St,Green Bay,WI,54303,(920) 494-3358
Erie Marine Sales,5400 Lake Rd,Sheffield Lake,OH,44054,(440) 444-1955
Harbour Marine Sales,8020 Tidewater Dr,Norfolk,VA,23518,(757) 583-2900
Buckeye Sports Center,2340 N River Rd,Huron,OH,44839,(419) 433-5529